{
  "width": 640,
  "height": 360,
  "fps": 30,
  "main": "./script/aez_bundle_main.js",
  "assets": {
    "backSpaceKey": {
      "type": "image",
      "width": 72,
      "height": 72,
      "path": "files/70e458ca49c7f57989f6.png",
      "hint": {
        "untainted": true
      },
      "virtualPath": "image/backSpaceKey.png"
    },
    "inputtingLabelBack": {
      "type": "image",
      "width": 1264,
      "height": 112,
      "path": "files/44e06d0e61609560880d.png",
      "hint": {
        "untainted": true
      },
      "virtualPath": "image/inputtingLabelBack.png"
    },
    "a_a": {
      "type": "image",
      "width": 152,
      "height": 74,
      "path": "files/78a79c622688c42d196b.png",
      "hint": {
        "untainted": true
      },
      "virtualPath": "image/key_alpha/a_a.png"
    },
    "a_b": {
      "type": "image",
      "width": 152,
      "height": 74,
      "path": "files/6059bcbb59a7545a52eb.png",
      "hint": {
        "untainted": true
      },
      "virtualPath": "image/key_alpha/a_b.png"
    },
    "a_c": {
      "type": "image",
      "width": 152,
      "height": 74,
      "path": "files/6500913ff332799ca299.png",
      "hint": {
        "untainted": true
      },
      "virtualPath": "image/key_alpha/a_c.png"
    },
    "a_d": {
      "type": "image",
      "width": 153,
      "height": 74,
      "path": "files/f52a352dbe611fefbe3f.png",
      "hint": {
        "untainted": true
      },
      "virtualPath": "image/key_alpha/a_d.png"
    },
    "a_e": {
      "type": "image",
      "width": 152,
      "height": 74,
      "path": "files/9063a8a3ddbfec8d1079.png",
      "hint": {
        "untainted": true
      },
      "virtualPath": "image/key_alpha/a_e.png"
    },
    "a_f": {
      "type": "image",
      "width": 152,
      "height": 74,
      "path": "files/0240a06148be3aa566e5.png",
      "hint": {
        "untainted": true
      },
      "virtualPath": "image/key_alpha/a_f.png"
    },
    "a_g": {
      "type": "image",
      "width": 152,
      "height": 74,
      "path": "files/67659ad9946d8dfa1cd3.png",
      "hint": {
        "untainted": true
      },
      "virtualPath": "image/key_alpha/a_g.png"
    },
    "a_h": {
      "type": "image",
      "width": 153,
      "height": 74,
      "path": "files/46ee94c882d98e4710c2.png",
      "hint": {
        "untainted": true
      },
      "virtualPath": "image/key_alpha/a_h.png"
    },
    "a_i": {
      "type": "image",
      "width": 152,
      "height": 75,
      "path": "files/b4177c8051aaec27cc3e.png",
      "hint": {
        "untainted": true
      },
      "virtualPath": "image/key_alpha/a_i.png"
    },
    "a_j": {
      "type": "image",
      "width": 152,
      "height": 75,
      "path": "files/7a4e7d088103af35357e.png",
      "hint": {
        "untainted": true
      },
      "virtualPath": "image/key_alpha/a_j.png"
    },
    "a_k": {
      "type": "image",
      "width": 152,
      "height": 75,
      "path": "files/e645db8238749f90cc6e.png",
      "hint": {
        "untainted": true
      },
      "virtualPath": "image/key_alpha/a_k.png"
    },
    "a_l": {
      "type": "image",
      "width": 153,
      "height": 75,
      "path": "files/c05f91a880085808a208.png",
      "hint": {
        "untainted": true
      },
      "virtualPath": "image/key_alpha/a_l.png"
    },
    "a_m": {
      "type": "image",
      "width": 152,
      "height": 75,
      "path": "files/b6e8fe1ce39f1283b3d1.png",
      "hint": {
        "untainted": true
      },
      "virtualPath": "image/key_alpha/a_m.png"
    },
    "a_n": {
      "type": "image",
      "width": 152,
      "height": 75,
      "path": "files/e9db7aec2f7a4a6442d5.png",
      "hint": {
        "untainted": true
      },
      "virtualPath": "image/key_alpha/a_n.png"
    },
    "a_o": {
      "type": "image",
      "width": 152,
      "height": 75,
      "path": "files/7243c273b9b523aa730e.png",
      "hint": {
        "untainted": true
      },
      "virtualPath": "image/key_alpha/a_o.png"
    },
    "a_p": {
      "type": "image",
      "width": 153,
      "height": 75,
      "path": "files/fa03ba1840e8ab91b3c1.png",
      "hint": {
        "untainted": true
      },
      "virtualPath": "image/key_alpha/a_p.png"
    },
    "a_q": {
      "type": "image",
      "width": 152,
      "height": 74,
      "path": "files/6ca8c848d4b19f186cf2.png",
      "hint": {
        "untainted": true
      },
      "virtualPath": "image/key_alpha/a_q.png"
    },
    "a_r": {
      "type": "image",
      "width": 152,
      "height": 74,
      "path": "files/62ebc564f2425340a959.png",
      "hint": {
        "untainted": true
      },
      "virtualPath": "image/key_alpha/a_r.png"
    },
    "a_s": {
      "type": "image",
      "width": 152,
      "height": 74,
      "path": "files/17507148a4bc93046c18.png",
      "hint": {
        "untainted": true
      },
      "virtualPath": "image/key_alpha/a_s.png"
    },
    "a_t": {
      "type": "image",
      "width": 153,
      "height": 74,
      "path": "files/85148c5d46f760413f1a.png",
      "hint": {
        "untainted": true
      },
      "virtualPath": "image/key_alpha/a_t.png"
    },
    "a_u": {
      "type": "image",
      "width": 152,
      "height": 74,
      "path": "files/4f2be8714fe8d3f7d60f.png",
      "hint": {
        "untainted": true
      },
      "virtualPath": "image/key_alpha/a_u.png"
    },
    "a_v": {
      "type": "image",
      "width": 152,
      "height": 74,
      "path": "files/86dbf9afb83737f1a01d.png",
      "hint": {
        "untainted": true
      },
      "virtualPath": "image/key_alpha/a_v.png"
    },
    "a_w": {
      "type": "image",
      "width": 152,
      "height": 74,
      "path": "files/f84bb78fc2c9fcd28aab.png",
      "hint": {
        "untainted": true
      },
      "virtualPath": "image/key_alpha/a_w.png"
    },
    "a_x": {
      "type": "image",
      "width": 153,
      "height": 74,
      "path": "files/608d5e6c569b3a1fc1ab.png",
      "hint": {
        "untainted": true
      },
      "virtualPath": "image/key_alpha/a_x.png"
    },
    "a_y": {
      "type": "image",
      "width": 152,
      "height": 75,
      "path": "files/de8abfd1ed1960e8c7d6.png",
      "hint": {
        "untainted": true
      },
      "virtualPath": "image/key_alpha/a_y.png"
    },
    "a_z": {
      "type": "image",
      "width": 152,
      "height": 75,
      "path": "files/ccd6d4cd58258982b617.png",
      "hint": {
        "untainted": true
      },
      "virtualPath": "image/key_alpha/a_z.png"
    },
    "a": {
      "type": "image",
      "width": 72,
      "height": 72,
      "path": "files/5a855bbc42cb714e53b5.png",
      "hint": {
        "untainted": true
      },
      "virtualPath": "image/key_kana/a.png"
    },
    "e": {
      "type": "image",
      "width": 72,
      "height": 72,
      "path": "files/2f177418824967e5c731.png",
      "hint": {
        "untainted": true
      },
      "virtualPath": "image/key_kana/e.png"
    },
    "ha": {
      "type": "image",
      "width": 72,
      "height": 72,
      "path": "files/a3f849e98a9399f201fd.png",
      "hint": {
        "untainted": true
      },
      "virtualPath": "image/key_kana/ha.png"
    },
    "he": {
      "type": "image",
      "width": 72,
      "height": 72,
      "path": "files/31e92f1db3c456df23e7.png",
      "hint": {
        "untainted": true
      },
      "virtualPath": "image/key_kana/he.png"
    },
    "hi": {
      "type": "image",
      "width": 72,
      "height": 72,
      "path": "files/efc5cade66f16c4cba19.png",
      "hint": {
        "untainted": true
      },
      "virtualPath": "image/key_kana/hi.png"
    },
    "ho": {
      "type": "image",
      "width": 72,
      "height": 72,
      "path": "files/2b98c778c28f0464b2e2.png",
      "hint": {
        "untainted": true
      },
      "virtualPath": "image/key_kana/ho.png"
    },
    "hu": {
      "type": "image",
      "width": 72,
      "height": 72,
      "path": "files/f6b1d68ff7f106dbcf20.png",
      "hint": {
        "untainted": true
      },
      "virtualPath": "image/key_kana/hu.png"
    },
    "i": {
      "type": "image",
      "width": 72,
      "height": 72,
      "path": "files/7b8207f5cdfc6435c6d2.png",
      "hint": {
        "untainted": true
      },
      "virtualPath": "image/key_kana/i.png"
    },
    "ka": {
      "type": "image",
      "width": 72,
      "height": 72,
      "path": "files/f21dbcd35d28cbeb130a.png",
      "hint": {
        "untainted": true
      },
      "virtualPath": "image/key_kana/ka.png"
    },
    "ke": {
      "type": "image",
      "width": 72,
      "height": 72,
      "path": "files/4f14611114f9eda6982c.png",
      "hint": {
        "untainted": true
      },
      "virtualPath": "image/key_kana/ke.png"
    },
    "ki": {
      "type": "image",
      "width": 72,
      "height": 72,
      "path": "files/112dcbf03ea32558629b.png",
      "hint": {
        "untainted": true
      },
      "virtualPath": "image/key_kana/ki.png"
    },
    "ko": {
      "type": "image",
      "width": 72,
      "height": 72,
      "path": "files/0a305194d0210e0e9e7d.png",
      "hint": {
        "untainted": true
      },
      "virtualPath": "image/key_kana/ko.png"
    },
    "ku": {
      "type": "image",
      "width": 72,
      "height": 72,
      "path": "files/20b590527ae98fa215f0.png",
      "hint": {
        "untainted": true
      },
      "virtualPath": "image/key_kana/ku.png"
    },
    "ma": {
      "type": "image",
      "width": 72,
      "height": 72,
      "path": "files/a72b34b017efe69d50ec.png",
      "hint": {
        "untainted": true
      },
      "virtualPath": "image/key_kana/ma.png"
    },
    "me": {
      "type": "image",
      "width": 72,
      "height": 72,
      "path": "files/106664c531d393e0fbf8.png",
      "hint": {
        "untainted": true
      },
      "virtualPath": "image/key_kana/me.png"
    },
    "mi": {
      "type": "image",
      "width": 72,
      "height": 72,
      "path": "files/edaa142e5e286a77eed5.png",
      "hint": {
        "untainted": true
      },
      "virtualPath": "image/key_kana/mi.png"
    },
    "mo": {
      "type": "image",
      "width": 72,
      "height": 72,
      "path": "files/aa3eeeb0cb0ce8455dff.png",
      "hint": {
        "untainted": true
      },
      "virtualPath": "image/key_kana/mo.png"
    },
    "mu": {
      "type": "image",
      "width": 72,
      "height": 72,
      "path": "files/9bb1d04b69b285ce491b.png",
      "hint": {
        "untainted": true
      },
      "virtualPath": "image/key_kana/mu.png"
    },
    "na": {
      "type": "image",
      "width": 72,
      "height": 72,
      "path": "files/8abd030bfdda3f3a8066.png",
      "hint": {
        "untainted": true
      },
      "virtualPath": "image/key_kana/na.png"
    },
    "ne": {
      "type": "image",
      "width": 72,
      "height": 72,
      "path": "files/63869c1405621b0bf227.png",
      "hint": {
        "untainted": true
      },
      "virtualPath": "image/key_kana/ne.png"
    },
    "ni": {
      "type": "image",
      "width": 72,
      "height": 72,
      "path": "files/30c2c2c9ffe4cfed75fb.png",
      "hint": {
        "untainted": true
      },
      "virtualPath": "image/key_kana/ni.png"
    },
    "nn": {
      "type": "image",
      "width": 120,
      "height": 72,
      "path": "files/72afa0157e1724d592d5.png",
      "hint": {
        "untainted": true
      },
      "virtualPath": "image/key_kana/nn.png"
    },
    "no": {
      "type": "image",
      "width": 72,
      "height": 72,
      "path": "files/0261cab8293dfbc4a911.png",
      "hint": {
        "untainted": true
      },
      "virtualPath": "image/key_kana/no.png"
    },
    "nu": {
      "type": "image",
      "width": 72,
      "height": 72,
      "path": "files/49c7bab3f81bcb99dcdd.png",
      "hint": {
        "untainted": true
      },
      "virtualPath": "image/key_kana/nu.png"
    },
    "o": {
      "type": "image",
      "width": 72,
      "height": 72,
      "path": "files/c8a5a21580e8037b5936.png",
      "hint": {
        "untainted": true
      },
      "virtualPath": "image/key_kana/o.png"
    },
    "ra": {
      "type": "image",
      "width": 72,
      "height": 72,
      "path": "files/ba9974d595c562deb2a2.png",
      "hint": {
        "untainted": true
      },
      "virtualPath": "image/key_kana/ra.png"
    },
    "re": {
      "type": "image",
      "width": 72,
      "height": 72,
      "path": "files/cbcf6772736c2370b070.png",
      "hint": {
        "untainted": true
      },
      "virtualPath": "image/key_kana/re.png"
    },
    "ri": {
      "type": "image",
      "width": 72,
      "height": 72,
      "path": "files/c901233a28a6097f2557.png",
      "hint": {
        "untainted": true
      },
      "virtualPath": "image/key_kana/ri.png"
    },
    "ro": {
      "type": "image",
      "width": 72,
      "height": 72,
      "path": "files/3a5bf2902946bb4b897f.png",
      "hint": {
        "untainted": true
      },
      "virtualPath": "image/key_kana/ro.png"
    },
    "ru": {
      "type": "image",
      "width": 72,
      "height": 72,
      "path": "files/3b59426d006624afa65e.png",
      "hint": {
        "untainted": true
      },
      "virtualPath": "image/key_kana/ru.png"
    },
    "sa": {
      "type": "image",
      "width": 72,
      "height": 72,
      "path": "files/27503f93183929e85ab3.png",
      "hint": {
        "untainted": true
      },
      "virtualPath": "image/key_kana/sa.png"
    },
    "se": {
      "type": "image",
      "width": 72,
      "height": 72,
      "path": "files/d5e1b3630bd74b66b603.png",
      "hint": {
        "untainted": true
      },
      "virtualPath": "image/key_kana/se.png"
    },
    "semiVoiced": {
      "type": "image",
      "width": 120,
      "height": 72,
      "path": "files/b71ae05670badbcd78ef.png",
      "hint": {
        "untainted": true
      },
      "virtualPath": "image/key_kana/semiVoiced.png"
    },
    "si": {
      "type": "image",
      "width": 72,
      "height": 72,
      "path": "files/37033b4f0b9668e3fe21.png",
      "hint": {
        "untainted": true
      },
      "virtualPath": "image/key_kana/si.png"
    },
    "small": {
      "type": "image",
      "width": 120,
      "height": 72,
      "path": "files/104cd2fb4a75cc946614.png",
      "hint": {
        "untainted": true
      },
      "virtualPath": "image/key_kana/small.png"
    },
    "so": {
      "type": "image",
      "width": 72,
      "height": 72,
      "path": "files/25973857fd3971f0e1f8.png",
      "hint": {
        "untainted": true
      },
      "virtualPath": "image/key_kana/so.png"
    },
    "su": {
      "type": "image",
      "width": 72,
      "height": 72,
      "path": "files/e702ad6a51bcf7dcec86.png",
      "hint": {
        "untainted": true
      },
      "virtualPath": "image/key_kana/su.png"
    },
    "ta": {
      "type": "image",
      "width": 72,
      "height": 72,
      "path": "files/c21611512c1470d08f01.png",
      "hint": {
        "untainted": true
      },
      "virtualPath": "image/key_kana/ta.png"
    },
    "te": {
      "type": "image",
      "width": 72,
      "height": 72,
      "path": "files/4759248cd3a18b2d33b6.png",
      "hint": {
        "untainted": true
      },
      "virtualPath": "image/key_kana/te.png"
    },
    "ti": {
      "type": "image",
      "width": 72,
      "height": 72,
      "path": "files/99a9b79de20894e27011.png",
      "hint": {
        "untainted": true
      },
      "virtualPath": "image/key_kana/ti.png"
    },
    "to": {
      "type": "image",
      "width": 72,
      "height": 72,
      "path": "files/210b82a58f5efbe24437.png",
      "hint": {
        "untainted": true
      },
      "virtualPath": "image/key_kana/to.png"
    },
    "tu": {
      "type": "image",
      "width": 72,
      "height": 72,
      "path": "files/18c282a0ff32378da9b1.png",
      "hint": {
        "untainted": true
      },
      "virtualPath": "image/key_kana/tu.png"
    },
    "u": {
      "type": "image",
      "width": 72,
      "height": 72,
      "path": "files/42db2eafa6c7652456d0.png",
      "hint": {
        "untainted": true
      },
      "virtualPath": "image/key_kana/u.png"
    },
    "voiced": {
      "type": "image",
      "width": 120,
      "height": 72,
      "path": "files/e192c2de835349ff4aa2.png",
      "hint": {
        "untainted": true
      },
      "virtualPath": "image/key_kana/voiced.png"
    },
    "wa": {
      "type": "image",
      "width": 120,
      "height": 72,
      "path": "files/4ead0ccce6ac18b34985.png",
      "hint": {
        "untainted": true
      },
      "virtualPath": "image/key_kana/wa.png"
    },
    "wo": {
      "type": "image",
      "width": 120,
      "height": 72,
      "path": "files/f57bb162f8c40f655351.png",
      "hint": {
        "untainted": true
      },
      "virtualPath": "image/key_kana/wo.png"
    },
    "ya": {
      "type": "image",
      "width": 120,
      "height": 72,
      "path": "files/3eeb823b1ddcd413d4dc.png",
      "hint": {
        "untainted": true
      },
      "virtualPath": "image/key_kana/ya.png"
    },
    "yo": {
      "type": "image",
      "width": 120,
      "height": 72,
      "path": "files/cd83338734fcbc285184.png",
      "hint": {
        "untainted": true
      },
      "virtualPath": "image/key_kana/yo.png"
    },
    "yu": {
      "type": "image",
      "width": 120,
      "height": 72,
      "path": "files/0281229c8adef7491b91.png",
      "hint": {
        "untainted": true
      },
      "virtualPath": "image/key_kana/yu.png"
    },
    "sym_0": {
      "type": "image",
      "width": 110,
      "height": 72,
      "path": "files/1fb81787f36ce637d6f1.png",
      "hint": {
        "untainted": true
      },
      "virtualPath": "image/key_sym/sym_0.png"
    },
    "sym_1": {
      "type": "image",
      "width": 110,
      "height": 72,
      "path": "files/94b58cdf88aaeeb799e0.png",
      "hint": {
        "untainted": true
      },
      "virtualPath": "image/key_sym/sym_1.png"
    },
    "sym_10": {
      "type": "image",
      "width": 110,
      "height": 72,
      "path": "files/8e9279d732cbc84c8e28.png",
      "hint": {
        "untainted": true
      },
      "virtualPath": "image/key_sym/sym_10.png"
    },
    "sym_11": {
      "type": "image",
      "width": 110,
      "height": 72,
      "path": "files/8d5d709f6bc1dc113ba3.png",
      "hint": {
        "untainted": true
      },
      "virtualPath": "image/key_sym/sym_11.png"
    },
    "sym_12": {
      "type": "image",
      "width": 110,
      "height": 72,
      "path": "files/3a0e0b86222d8ab2492d.png",
      "hint": {
        "untainted": true
      },
      "virtualPath": "image/key_sym/sym_12.png"
    },
    "sym_13": {
      "type": "image",
      "width": 110,
      "height": 72,
      "path": "files/21ca2f843e7a20466132.png",
      "hint": {
        "untainted": true
      },
      "virtualPath": "image/key_sym/sym_13.png"
    },
    "sym_14": {
      "type": "image",
      "width": 110,
      "height": 72,
      "path": "files/005e4df228c6264b621b.png",
      "hint": {
        "untainted": true
      },
      "virtualPath": "image/key_sym/sym_14.png"
    },
    "sym_15": {
      "type": "image",
      "width": 110,
      "height": 72,
      "path": "files/0dd782216fe7177c2f88.png",
      "hint": {
        "untainted": true
      },
      "virtualPath": "image/key_sym/sym_15.png"
    },
    "sym_16": {
      "type": "image",
      "width": 110,
      "height": 72,
      "path": "files/674b79bcd59d4f479072.png",
      "hint": {
        "untainted": true
      },
      "virtualPath": "image/key_sym/sym_16.png"
    },
    "sym_17": {
      "type": "image",
      "width": 110,
      "height": 72,
      "path": "files/fc52015bb244571a38bb.png",
      "hint": {
        "untainted": true
      },
      "virtualPath": "image/key_sym/sym_17.png"
    },
    "sym_18": {
      "type": "image",
      "width": 110,
      "height": 72,
      "path": "files/1c7b5f90e5d2d605728c.png",
      "hint": {
        "untainted": true
      },
      "virtualPath": "image/key_sym/sym_18.png"
    },
    "sym_19": {
      "type": "image",
      "width": 110,
      "height": 72,
      "path": "files/2d9d5957a0d06dc17837.png",
      "hint": {
        "untainted": true
      },
      "virtualPath": "image/key_sym/sym_19.png"
    },
    "sym_2": {
      "type": "image",
      "width": 110,
      "height": 72,
      "path": "files/fe74971643c091ba05cd.png",
      "hint": {
        "untainted": true
      },
      "virtualPath": "image/key_sym/sym_2.png"
    },
    "sym_3": {
      "type": "image",
      "width": 110,
      "height": 72,
      "path": "files/91b70ef976137f2b6762.png",
      "hint": {
        "untainted": true
      },
      "virtualPath": "image/key_sym/sym_3.png"
    },
    "sym_4": {
      "type": "image",
      "width": 110,
      "height": 72,
      "path": "files/1b57e27023acdbff12ad.png",
      "hint": {
        "untainted": true
      },
      "virtualPath": "image/key_sym/sym_4.png"
    },
    "sym_5": {
      "type": "image",
      "width": 110,
      "height": 72,
      "path": "files/2144653c9bf5469c167d.png",
      "hint": {
        "untainted": true
      },
      "virtualPath": "image/key_sym/sym_5.png"
    },
    "sym_6": {
      "type": "image",
      "width": 110,
      "height": 72,
      "path": "files/9650cbfdec9650202722.png",
      "hint": {
        "untainted": true
      },
      "virtualPath": "image/key_sym/sym_6.png"
    },
    "sym_7": {
      "type": "image",
      "width": 110,
      "height": 72,
      "path": "files/bbcc56a1b562554e40b4.png",
      "hint": {
        "untainted": true
      },
      "virtualPath": "image/key_sym/sym_7.png"
    },
    "sym_8": {
      "type": "image",
      "width": 110,
      "height": 72,
      "path": "files/378d6a50cf3047fe3edd.png",
      "hint": {
        "untainted": true
      },
      "virtualPath": "image/key_sym/sym_8.png"
    },
    "sym_9": {
      "type": "image",
      "width": 110,
      "height": 72,
      "path": "files/8635f868f2cd1fbcbfe7.png",
      "hint": {
        "untainted": true
      },
      "virtualPath": "image/key_sym/sym_9.png"
    },
    "toAlphaLetters": {
      "type": "image",
      "width": 180,
      "height": 72,
      "path": "files/b17aa50cbf620ba7981c.png",
      "hint": {
        "untainted": true
      },
      "virtualPath": "image/toAlphaLetters.png"
    },
    "toKanaLetters": {
      "type": "image",
      "width": 180,
      "height": 72,
      "path": "files/bcad8f428922dab0980e.png",
      "hint": {
        "untainted": true
      },
      "virtualPath": "image/toKanaLetters.png"
    },
    "toSymLetters": {
      "type": "image",
      "width": 180,
      "height": 72,
      "path": "files/59cd32eaca8660fe9a82.png",
      "hint": {
        "untainted": true
      },
      "virtualPath": "image/toSymLetters.png"
    },
    "notosansFont": {
      "type": "image",
      "width": 720,
      "height": 1008,
      "path": "files/b3c08b295dcfaaafe64f.png",
      "hint": {
        "untainted": true
      },
      "virtualPath": "image/notosansFont.png"
    },
    "notosansGlyph": {
      "type": "text",
      "path": "files/43c460fc2855fa564ed2.json",
      "virtualPath": "text/notosansGlyph.json"
    },
    "d_0": {
      "type": "image",
      "width": 110,
      "height": 72,
      "path": "files/1153bd0addb55aa611d6.png",
      "hint": {
        "untainted": true
      },
      "virtualPath": "image/key_sym/d_0.png"
    },
    "d_1": {
      "type": "image",
      "width": 110,
      "height": 72,
      "path": "files/9c72f810b2cd7233de52.png",
      "hint": {
        "untainted": true
      },
      "virtualPath": "image/key_sym/d_1.png"
    },
    "d_2": {
      "type": "image",
      "width": 110,
      "height": 72,
      "path": "files/191afacd49d78990aacd.png",
      "hint": {
        "untainted": true
      },
      "virtualPath": "image/key_sym/d_2.png"
    },
    "d_3": {
      "type": "image",
      "width": 110,
      "height": 72,
      "path": "files/90ab1e3ceee79f4b4cd0.png",
      "hint": {
        "untainted": true
      },
      "virtualPath": "image/key_sym/d_3.png"
    },
    "d_4": {
      "type": "image",
      "width": 110,
      "height": 72,
      "path": "files/c20849fa514e9c9bc5ec.png",
      "hint": {
        "untainted": true
      },
      "virtualPath": "image/key_sym/d_4.png"
    },
    "d_5": {
      "type": "image",
      "width": 110,
      "height": 72,
      "path": "files/71e8614d951a403be3a7.png",
      "hint": {
        "untainted": true
      },
      "virtualPath": "image/key_sym/d_5.png"
    },
    "d_6": {
      "type": "image",
      "width": 110,
      "height": 72,
      "path": "files/2fad65519b014369dbd0.png",
      "hint": {
        "untainted": true
      },
      "virtualPath": "image/key_sym/d_6.png"
    },
    "d_7": {
      "type": "image",
      "width": 110,
      "height": 72,
      "path": "files/a5df9ff375a11c3f5922.png",
      "hint": {
        "untainted": true
      },
      "virtualPath": "image/key_sym/d_7.png"
    },
    "d_8": {
      "type": "image",
      "width": 110,
      "height": 72,
      "path": "files/09063f9032ebc91a3ab6.png",
      "hint": {
        "untainted": true
      },
      "virtualPath": "image/key_sym/d_8.png"
    },
    "d_9": {
      "type": "image",
      "width": 110,
      "height": 72,
      "path": "files/919dcbf23983cf855f29.png",
      "hint": {
        "untainted": true
      },
      "virtualPath": "image/key_sym/d_9.png"
    },
    "ball": {
      "type": "image",
      "width": 64,
      "height": 32,
      "path": "files/4675f85569c51c19288f.png",
      "hint": {
        "untainted": true
      },
      "virtualPath": "image/ball.png"
    },
    "button": {
      "type": "image",
      "width": 256,
      "height": 88,
      "path": "files/5272d44e474f944117ed.png",
      "hint": {
        "untainted": true
      },
      "virtualPath": "image/button.png"
    },
    "court": {
      "type": "image",
      "width": 640,
      "height": 340,
      "path": "files/bdc70d053cab3480c627.png",
      "hint": {
        "untainted": true
      },
      "virtualPath": "image/court.png"
    },
    "cursor": {
      "type": "image",
      "width": 210,
      "height": 70,
      "path": "files/26be325d1dc4875d958c.png",
      "hint": {
        "untainted": true
      },
      "virtualPath": "image/cursor.png"
    },
    "player_body": {
      "type": "image",
      "width": 300,
      "height": 400,
      "path": "files/d7c62a2f2779ba4778c5.png",
      "hint": {
        "untainted": true
      },
      "virtualPath": "image/player_body.png"
    },
    "player_head": {
      "type": "image",
      "width": 300,
      "height": 100,
      "path": "files/64f2cdb6766c0f8ed668.png",
      "hint": {
        "untainted": true
      },
      "virtualPath": "image/player_head.png"
    },
    "effect": {
      "type": "image",
      "width": 360,
      "height": 120,
      "path": "files/738aeb92c2a2791c8300.png",
      "hint": {
        "untainted": true
      },
      "virtualPath": "image/effect.png"
    },
    "bgm": {
      "type": "audio",
      "path": "files/6e6ed82de3ca7cdfa409",
      "systemId": "music",
      "duration": 32000,
      "virtualPath": "audio/bgm"
    },
    "se_hit": {
      "type": "audio",
      "path": "files/94fa75b22a9072e4a9a7",
      "systemId": "sound",
      "duration": 564,
      "virtualPath": "audio/se_hit"
    },
    "se_move": {
      "type": "audio",
      "path": "files/105078447221bd04ffe3",
      "systemId": "sound",
      "duration": 105,
      "virtualPath": "audio/se_move"
    },
    "se_start": {
      "type": "audio",
      "path": "files/9a33ab5f9c9b2521552d",
      "systemId": "sound",
      "duration": 1701,
      "virtualPath": "audio/se_start"
    },
    "se_timeup": {
      "type": "audio",
      "path": "files/3cd7bec6fc575a6d73a7",
      "systemId": "sound",
      "duration": 1080,
      "virtualPath": "audio/se_timeup"
    },
    "button2": {
      "type": "image",
      "width": 88,
      "height": 88,
      "path": "files/b4e0726ba4129406a1dc.png",
      "hint": {
        "untainted": true
      },
      "virtualPath": "image/button2.png"
    },
    "title": {
      "type": "image",
      "width": 840,
      "height": 720,
      "path": "files/6a2fc763d1ca590c49f9.png",
      "hint": {
        "untainted": true
      },
      "virtualPath": "image/title.png"
    },
    "aez_bundle_main": {
      "type": "script",
      "global": true,
      "path": "files/f086925699839f7a9594.js",
      "virtualPath": "script/aez_bundle_main.js"
    }
  },
  "environment": {
    "sandbox-runtime": "2",
    "niconico": {
      "supportedModes": [
        "multi_admission"
      ]
    },
    "external": {
      "send": "0"
    },
    "akashic-runtime": {
      "version": "~2.1.53",
      "flavor": "-canvas"
    }
  },
  "globalScripts": [],
  "moduleMainScripts": {
    "@akashic-extension/akashic-label": "node_modules/@akashic-extension/akashic-label/lib/index.js",
    "@akashic-extension/akashic-timeline": "node_modules/@akashic-extension/akashic-timeline/lib/index.js"
  },
  "exportZipInfo": {
    "version": "0.8.0",
    "option": {
      "force": true,
      "strip": true,
      "minify": false,
      "bundle": true,
      "babel": true,
      "omitEmptyJs": true,
      "targetService": "nicolive"
    }
  }
}